<?xml version="1.0" encoding="utf-8" ?>
<!-- Copyright (C) 2012 The Android Open Source Project
     Copyright (C) 2014 The Linux Foundation. All rights reserved.
     Not a contribution.

     Licensed under the Apache License, Version 2.0 (the "License");
     you may not use this file except in compliance with the License.
     You may obtain a copy of the License at

          http://www.apache.org/licenses/LICENSE-2.0

     Unless required by applicable law or agreed to in writing, software
     distributed under the License is distributed on an "AS IS" BASIS,
     WITHOUT WARRANTIES OR CONDITIONS OF ANY KIND, either express or implied.
     See the License for the specific language governing permissions and
     limitations under the License.
-->

<!--
<!DOCTYPE MediaCodecs [
<!ELEMENT Include EMPTY>
<!ATTLIST Include href CDATA #REQUIRED>
<!ELEMENT MediaCodecs (Decoders|Encoders|Include)*>
<!ELEMENT Decoders (MediaCodec|Include)*>
<!ELEMENT Encoders (MediaCodec|Include)*>
<!ELEMENT MediaCodec (Type|Quirk|Include)*>
<!ATTLIST MediaCodec name CDATA #REQUIRED>
<!ATTLIST MediaCodec type CDATA>
<!ELEMENT Type EMPTY>
<!ATTLIST Type name CDATA #REQUIRED>
<!ELEMENT Quirk EMPTY>
<!ATTLIST Quirk name CDATA #REQUIRED>
]>

There's a simple and a complex syntax to declare the availability of a
media codec:

A codec that properly follows the OpenMax spec and therefore doesn't have any
quirks and that only supports a single content type can be declared like so:

    <MediaCodec name="OMX.foo.bar" type="something/interesting" />

If a codec has quirks OR supports multiple content types, the following syntax
can be used:

    <MediaCodec name="OMX.foo.bar" >
        <Type name="something/interesting" />
        <Type name="something/else" />
        ...
        <Quirk name="requires-allocate-on-input-ports" />
        <Quirk name="requires-allocate-on-output-ports" />
        <Quirk name="output-buffers-are-unreadable" />
    </MediaCodec>

Only the three quirks included above are recognized at this point:

"requires-allocate-on-input-ports"
    must be advertised if the component does not properly support specification
    of input buffers using the OMX_UseBuffer(...) API but instead requires
    OMX_AllocateBuffer to be used.

"requires-allocate-on-output-ports"
    must be advertised if the component does not properly support specification
    of output buffers using the OMX_UseBuffer(...) API but instead requires
    OMX_AllocateBuffer to be used.

"output-buffers-are-unreadable"
    must be advertised if the emitted output buffers of a decoder component
    are not readable, i.e. use a custom format even though abusing one of
    the official OMX colorspace constants.
    Clients of such decoders will not be able to access the decoded data,
    naturally making the component much less useful. The only use for
    a component with this quirk is to render the output to the screen.
    Audio decoders MUST NOT advertise this quirk.
    Video decoders that advertise this quirk must be accompanied by a
    corresponding color space converter for thumbnail extraction,
    matching surfaceflinger support that can render the custom format to
    a texture and possibly other code, so just DON'T USE THIS QUIRK.


-->

<!--
  Decoder capabilities for 8916
_________________________________________________________________
  | Codec    | W       H       fps     Mbps    MB/s    | Encode Secure-dec |
  |__________|_________________________________________|___________________|
  | h264     | 1920    1088    30      20      244800  |  Y       Y        |
  | hevc     | 1280    720     30      3       108300  |  N       N        |   // Software
  | mpeg4    | 1920    1088    30      20      244800  |  Y       N        |
  | vc1      | 1920    1088    30      20      244800  |  N       Y        |
  | vp8      | 1920    1088    30      20      244800  |  N       N        |
  | divx3    | 720     480     30      2       40500   |  N       N        |
  | div4/5/6 | 1920    1088    30      10      244800  |  N       N        |
  | h263     | 864     480     30      2       48600   |  Y       N        |
  | mpeg2    | 1920    1088    30      20      244800  |  N       Y        |
  |__________|_________________________________________|___________________|
-->

<!--
  Encoder capabilities for 8916
___________________________________________________
  | Codec    | W       H       fps     Mbps    MB/s    |
  |__________|_________________________________________|
  | h264     | 1920    1088    30      20      244800  |
  | mpeg4    | 1920    1088    30      20      244800  |
  | h263     | 720      576    30       2       48600  |
  | vp8      | 1920    1088    30      20      244800  |
  |____________________________________________________|
-->
<MediaCodecs>
    <Encoders>
        <!-- Video Hardware  -->
        <MediaCodec name="OMX.qcom.video.encoder.mpeg4" type="video/mp4v-es" >
            <Quirk name="requires-allocate-on-input-ports" />
            <Quirk name="requires-allocate-on-output-ports"/>
            <Quirk name="requires-loaded-to-idle-after-allocation"/>
            <Limit name="size" min="96x64" max="1920x1088" />
            <Limit name="alignment" value="2x2" />
            <Limit name="block-size" value="16x16" />
            <Limit name="blocks-per-second" min="1" max="244800" />
            <Limit name="bitrate" range="1-20000000" />
            <Quirk name="video-controller-check-enable" />
        </MediaCodec>
        <MediaCodec name="OMX.qcom.video.encoder.h263" type="video/3gpp" >
            <Quirk name="requires-allocate-on-input-ports" />
            <Quirk name="requires-allocate-on-output-ports"/>
            <Quirk name="requires-loaded-to-idle-after-allocation"/>
            <Limit name="size" min="96x64" max="720x576" />
            <Limit name="alignment" value="2x2" />
            <Limit name="block-size" value="16x16" />
            <Limit name="blocks-per-second" min="1" max="48600" />
            <Limit name="bitrate" range="1-2000000" />
            <Quirk name="video-controller-check-enable" />
        </MediaCodec>
        <MediaCodec name="OMX.qcom.video.encoder.avc" type="video/avc" >
            <Quirk name="requires-allocate-on-input-ports" />
            <Quirk name="requires-allocate-on-output-ports"/>
            <Quirk name="requires-loaded-to-idle-after-allocation"/>
            <Limit name="size" min="96x64" max="1920x1088" />
            <Limit name="alignment" value="2x2" />
            <Limit name="block-size" value="16x16" />
            <Limit name="blocks-per-second" min="1" max="244800" />
            <Limit name="bitrate" range="1-20000000" />
            <Quirk name="video-controller-check-enable" />
        </MediaCodec>
        <MediaCodec name="OMX.qcom.video.encoder.vp8" type="video/x-vnd.on2.vp8" >
            <Quirk name="requires-allocate-on-input-ports" />
            <Quirk name="requires-allocate-on-output-ports"/>
            <Quirk name="requires-loaded-to-idle-after-allocation"/>
            <Limit name="size" min="96x64" max="1920x1088" />
            <Limit name="alignment" value="2x2" />
            <Limit name="block-size" value="16x16" />
            <Limit name="blocks-per-second" min="1" max="244800" />
            <Limit name="bitrate" range="1-20000000" />
            <Quirk name="video-controller-check-enable" />
        </MediaCodec>
        <!-- Audio Hardware  -->
        <MediaCodec name="OMX.qcom.audio.encoder.evrc" type="audio/evrc" >
            <Quirk name="requires-allocate-on-input-ports" />
            <Quirk name="requires-allocate-on-output-ports" />
        </MediaCodec>
        <MediaCodec name="OMX.qcom.audio.encoder.qcelp13" type="audio/qcelp" >
            <Quirk name="requires-allocate-on-input-ports" />
            <Quirk name="requires-allocate-on-output-ports" />
        </MediaCodec>
    </Encoders>
    <Decoders>
        <!-- Audio Software  -->
        <MediaCodec name="OMX.SEC.amr.dec">
            <Type name="audio/amr-wb" />
            <Type name="audio/3gpp"  />
            <Quirk name="needs-flush-before-disable" />
            <Quirk name="decoder-ignores-streamcorrupt-error" />
        </MediaCodec>
        <MediaCodec name="OMX.SEC.mp3.dec">
            <Type name="audio/mpeg"/>
            <Type name="audio/mpeg-L1"/>
            <Type name="audio/mpeg-L2"/>
            <Quirk name="needs-flush-before-disable" />
            <Quirk name="decoder-ignores-streamcorrupt-error" />
        </MediaCodec>
        <MediaCodec name="OMX.SEC.aac.dec" type="audio/mp4a-latm" >
            <Quirk name="needs-flush-before-disable" />
            <Quirk name="decoder-ignores-streamcorrupt-error" />
        </MediaCodec>
        <MediaCodec name="OMX.SEC.flac.dec" type="audio/flac" >
            <Quirk name="needs-flush-before-disable" />
            <Quirk name="decoder-ignores-streamcorrupt-error" />
        </MediaCodec>
        <MediaCodec name="OMX.SEC.wma.dec" type="audio/x-ms-wma" >
        <Quirk name="needs-flush-before-disable" />
            <Quirk name="decoder-ignores-streamcorrupt-error" />
        </MediaCodec>
        <MediaCodec name="OMX.SEC.adpcm.dec" type="audio/x-ima" >
        <Quirk name="needs-flush-before-disable" />
            <Quirk name="decoder-ignores-streamcorrupt-error" />
        </MediaCodec>
        <!-- Audio Hardware  -->
        <MediaCodec name="OMX.qcom.audio.decoder.amrwbplus" type="audio/amr-wb-plus" >
        </MediaCodec>
        <!-- Audio Software  -->
        <!--
            Use Google's RAW decoder to support ACodec path for FLAC clips as
            FLACDecoder is non-OMX component based. A component can be used to
            support several mimetypes, so existing raw decoder usecases will not
            be affected by this.
        -->
        <MediaCodec name="OMX.qcom.audio.decoder.Qcelp13" type="audio/qcelp" >
            <Quirk name="requires-global-flush" />
        </MediaCodec>
        <MediaCodec name="OMX.qcom.audio.decoder.evrc" type="audio/evrc" >
            <Quirk name="requires-global-flush" />
        </MediaCodec>
        <!-- Video Hardware  -->
        <MediaCodec name="OMX.qcom.video.decoder.avc" type="video/avc" >
            <Quirk name="requires-allocate-on-input-ports" />
            <Quirk name="requires-allocate-on-output-ports" />
            <Quirk name="requires-timestamp-reorder" />
            <Quirk name="video-controller-check-enable" />
            <Limit name="size" min="64x64" max="1920x1088" />
            <Limit name="alignment" value="2x2" />
            <Limit name="block-size" value="16x16" />
            <Limit name="blocks-per-second" min="1" max="244800" />
            <Limit name="bitrate" range="1-20000000" />
            <Feature name="adaptive-playback" />
        </MediaCodec>
        <MediaCodec name="OMX.qcom.video.decoder.avc.secure" type="video/avc" >
            <Quirk name="requires-allocate-on-input-ports" />
            <Quirk name="requires-allocate-on-output-ports" />
            <Quirk name="requires-timestamp-reorder" />
            <Quirk name="video-controller-check-enable" />
            <Limit name="size" min="64x64" max="1920x1088" />
            <Limit name="alignment" value="2x2" />
            <Limit name="block-size" value="16x16" />
            <Limit name="blocks-per-second" min="1" max="244800" />
            <Limit name="bitrate" range="1-20000000" />
            <Feature name="adaptive-playback" />
            <Feature name="secure-playback" required="true" />
        </MediaCodec>        
        <MediaCodec name="OMX.qcom.video.decoder.mpeg4" type="video/mp4v-es" >
            <Quirk name="requires-allocate-on-input-ports" />
            <Quirk name="requires-allocate-on-output-ports" />
            <Quirk name="requires-timestamp-reorder" />
            <Quirk name="video-controller-check-enable" />
            <Limit name="size" min="64x64" max="1920x1088" />
            <Limit name="alignment" value="2x2" />
            <Limit name="block-size" value="16x16" />
            <Limit name="blocks-per-second" min="1" max="244800" />
            <Limit name="bitrate" range="1-20000000" />            
            <Feature name="adaptive-playback" />
        </MediaCodec>
        <MediaCodec name="OMX.qcom.video.decoder.h263" type="video/3gpp" >
            <Quirk name="requires-allocate-on-input-ports" />
            <Quirk name="requires-allocate-on-output-ports" />
            <Quirk name="requires-timestamp-reorder" />
            <Quirk name="video-controller-check-enable" />
            <Limit name="size" min="64x64" max="864x480" />
            <Limit name="alignment" value="2x2" />
            <Limit name="block-size" value="16x16" />
            <Limit name="blocks-per-second" min="1" max="48600" />
            <Limit name="bitrate" range="1-2000000" />            
            <Feature name="adaptive-playback" />
        </MediaCodec>
        <MediaCodec name="OMX.qcom.video.decoder.vc1" >
            <Type name="video/x-ms-wmv"/>
            <Type name="video/wvc1"/>
            <Quirk name="requires-allocate-on-input-ports" />
            <Quirk name="requires-allocate-on-output-ports" />
            <Quirk name="requires-timestamp-reorder" />
            <Quirk name="video-controller-check-enable" />
            <Limit name="size" min="64x64" max="1920x1088" />
            <Limit name="alignment" value="2x2" />
            <Limit name="block-size" value="16x16" />
            <Limit name="blocks-per-second" min="1" max="244800" />
            <Limit name="bitrate" range="1-20000000" />            
            <Feature name="adaptive-playback" />
        </MediaCodec>
<!-- QCom DivX Components are not used -->
<!--   	
        <MediaCodec name="OMX.qcom.video.decoder.divx" type="video/divx" >
            <Quirk name="requires-allocate-on-input-ports" />
            <Quirk name="requires-allocate-on-output-ports" />
            <Limit name="size" min="64x64" max="1920x1088" />
            <Limit name="alignment" value="2x2" />
            <Limit name="block-size" value="16x16" />
            <Limit name="blocks-per-second" min="1" max="244800" />
            <Limit name="bitrate" range="1-50000000" />
            <Feature name="adaptive-playback" />
        </MediaCodec>
        <MediaCodec name="OMX.qcom.video.decoder.divx311" type="video/divx311" >
            <Quirk name="requires-allocate-on-input-ports" />
            <Quirk name="requires-allocate-on-output-ports" />
            <Limit name="size" min="64x64" max="1920X1088" />
            <Limit name="alignment" value="2x2" />
            <Limit name="block-size" value="16x16" />
            <Limit name="blocks-per-second" min="1" max="244800" />
            <Limit name="bitrate" range="1-20000000" />
            <Feature name="adaptive-playback" />
        </MediaCodec>
        <MediaCodec name="OMX.qcom.video.decoder.divx4" type="video/divx4" >
            <Quirk name="requires-allocate-on-input-ports" />
            <Quirk name="requires-allocate-on-output-ports" />
            <Limit name="size" min="64x64" max="1920x1088" />
            <Limit name="alignment" value="2x2" />
            <Limit name="block-size" value="16x16" />
            <Limit name="blocks-per-second" min="1" max="244800" />
            <Limit name="bitrate" range="1-50000000" />
            <Feature name="adaptive-playback" />
        </MediaCodec>
-->
        <MediaCodec name="OMX.qcom.video.decoder.vp8" type="video/x-vnd.on2.vp8" >
            <Quirk name="requires-allocate-on-input-ports" />
            <Quirk name="requires-allocate-on-output-ports" />
            <Quirk name="requires-timestamp-reorder" />
            <Quirk name="video-controller-check-enable" />
            <Limit name="size" min="64x64" max="1920x1088" />
            <Limit name="alignment" value="2x2" />
            <Limit name="block-size" value="16x16" />
            <Limit name="blocks-per-second" min="1" max="244800" />
            <Limit name="bitrate" range="1-20000000" />            
            <Feature name="adaptive-playback" />
        </MediaCodec>
        <!--
        <MediaCodec name="OMX.qcom.video.decoder.hevcswvdec" type="video/hevc" >
            <Quirk name="requires-allocate-on-input-ports" />
            <Quirk name="requires-allocate-on-output-ports" />
            <Quirk name="requires-timestamp-reorder" />
            <Quirk name="video-controller-check-enable" />
            <Limit name="size" min="64x64" max="1280x720" />
            <Limit name="alignment" value="2x2" />
            <Limit name="block-size" value="16x16" />
            <Limit name="blocks-per-second" min="1" max="108300" />
            <Limit name="bitrate" range="1-3000000" />
            <Feature name="adaptive-playback" />        
        </MediaCodec>
        -->
        <!-- Video Software  -->
        <MediaCodec name="OMX.SEC.h263.sw.dec" type="video/3gpp" >
            <Quirk name="decoder-ignores-streamcorrupt-error" />
        </MediaCodec>
        <MediaCodec name="OMX.SEC.avc.sw.dec" type="video/avc" >
            <Quirk name="decoder-ignores-streamcorrupt-error" />
            <Limit name="size" min="64x64" max="2048x2048" />
            <Feature name="adaptive-playback" />
        </MediaCodec>
        <MediaCodec name="OMX.SEC.mpeg4.sw.dec" type="video/mp4v-es" >
            <Quirk name="decoder-ignores-streamcorrupt-error" />
        </MediaCodec>
        <MediaCodec name="OMX.SEC.vc1.sw.dec" >
            <Type name="video/x-ms-wmv"/>
            <Type name="video/wvc1"/>
            <Quirk name="decoder-ignores-streamcorrupt-error" />
        </MediaCodec>
        <MediaCodec name="OMX.SEC.wmv7.dec" type="video/x-ms-wmv7" >
            <Quirk name="decoder-ignores-streamcorrupt-error" />
        </MediaCodec>
        <MediaCodec name="OMX.SEC.wmv8.dec" type="video/x-ms-wmv8" >
            <Quirk name="decoder-ignores-streamcorrupt-error" />
        </MediaCodec>
        <MediaCodec name="OMX.SEC.mp43.dec" type="video/mp43" >
        <Quirk name="decoder-ignores-streamcorrupt-error" />
        </MediaCodec>
        <MediaCodec name="OMX.SEC.hevc.sw.dec" type="video/hevc" >
            <Quirk name="decoder-ignores-streamcorrupt-error" />
            <Limit name="size" min="64x64" max="2048x2048" />
            <Feature name="adaptive-playback" />
        </MediaCodec>
        <MediaCodec name="OMX.SEC.h263sr.dec" type="video/sorenson" >
            <Quirk name="decoder-ignores-streamcorrupt-error" />
        </MediaCodec>
        <MediaCodec name="OMX.SEC.vp8.dec" type="video/x-vnd.on2.vp8" >
            <Quirk name="decoder-ignores-streamcorrupt-error" />
            <Limit name="size" min="64x64" max="2048x2048" />
            <Feature name="adaptive-playback" />
        </MediaCodec>
    </Decoders>
    <Include href="media_codecs_google_video.xml" />
    <Include href="media_codecs_google_audio.xml" />
    <Include href="media_codecs_google_telephony.xml" />
    <Encoders>
        <MediaCodec name="OMX.SEC.naac.enc" type="audio/mp4a-latm">
            <Limit name="channel-count" max="6" />
            <Limit name="sample-rate" ranges="11025,12000,16000,22050,24000,32000,44100,48000" />
            <Limit name="bitrate" range="8000-960000" />
        </MediaCodec>
    </Encoders>
</MediaCodecs>
