<?xml version="1.0" encoding="ISO-8859-1"?>

<mixer>
    <!-- E5 3G EUR OPEN (L OS)(with NXP amp)================================================ -->
    <!-- These are the initial mixer settings -->
    <!-- reset RX/TX Start -->
    <ctl name="PRI_MI2S_RX Audio Mixer MultiMedia1" value="0" />
    <ctl name="PRI_MI2S_RX Audio Mixer MultiMedia4" value="0" />
    <ctl name="PRI_MI2S_RX Audio Mixer MultiMedia5" value="0" />
    <ctl name="PRI_MI2S_RX_Voice Mixer Voice2" value="0" />
    <ctl name="PRI_MI2S_RX_Voice Mixer CSVoice" value="0" />
    <ctl name="PRI_MI2S_RX_Voice Mixer Voip" value="0" />
    <ctl name="PRI_MI2S_RX_Voice Mixer QCHAT" value="0" />
    <ctl name="PRI_MI2S_RX Port Mixer INTERNAL_FM_TX" value="0" />
    <ctl name="PRI_MI2S_RX_Voice Mixer VoWLAN" value="0" />

    <ctl name="PRI_MI2S_RX Port Mixer TERT_MI2S_TX" value="0" />

    <ctl name="QUAT_MI2S_RX Audio Mixer MultiMedia1" value="0" />
    <ctl name="QUAT_MI2S_RX Audio Mixer MultiMedia4" value="0" />
    <ctl name="QUAT_MI2S_RX Audio Mixer MultiMedia5" value="0" />
    <ctl name="QUAT_MI2S_RX_Voice Mixer Voice2" value="0" />
    <ctl name="QUAT_MI2S_RX_Voice Mixer CSVoice" value="0" />
    <ctl name="QUAT_MI2S_RX_Voice Mixer Voip" value="0" />
    <ctl name="QUAT_MI2S_RX_Voice Mixer QCHAT" value="0" />
    <ctl name="QUAT_MI2S_RX Port Mixer INTERNAL_FM_TX" value="0" />
    <ctl name="QUAT_MI2S_RX_Voice Mixer VoWLAN" value="0" />

    <ctl name="AFE_PCM_RX_Voice Mixer Voice2" value="0" />
    <ctl name="AFE_PCM_RX Audio Mixer MultiMedia4" value="0" />
    <ctl name="AFE_PCM_RX_Voice Mixer VoWLAN" value="0" />

    <ctl name="INTERNAL_BT_SCO_RX Audio Mixer MultiMedia1" value="0" />
    <ctl name="INTERNAL_BT_SCO_RX Audio Mixer MultiMedia4" value="0" />
    <ctl name="INTERNAL_BT_SCO_RX Audio Mixer MultiMedia5" value="0" />
    <ctl name="INTERNAL_BT_SCO_RX_Voice Mixer CSVoice" value="0" />
    <ctl name="INTERNAL_BT_SCO_RX_Voice Mixer Voice2" value="0" />
    <ctl name="INTERNAL_BT_SCO_RX_Voice Mixer QCHAT" value="0" />
    <ctl name="INTERNAL_BT_SCO_RX_Voice Mixer Voip" value="0" />
    <ctl name="INTERNAL_BT_SCO_RX_Voice Mixer VoWLAN" value="0" />

    <ctl name="INTERNAL_FM_RX Audio Mixer MultiMedia1" value="0" />
    <ctl name="INTERNAL_FM_RX Audio Mixer MultiMedia4" value="0" />
    <ctl name="INTERNAL_FM_RX Audio Mixer MultiMedia5" value="0" />

    <ctl name="Incall_Music Audio Mixer MultiMedia2" value="0" />
    <ctl name="Incall_Music_2 Audio Mixer MultiMedia9" value="0" />

    <ctl name="RX2 MIX2 INP1" value="ZERO" />
    <ctl name="RX1 MIX2 INP1" value="ZERO" />
    <ctl name="RX3 MIX1 INP2" value="ZERO" />
    <ctl name="RX3 MIX1 INP1" value="ZERO" />
    <ctl name="RX2 MIX1 INP2" value="ZERO" />
    <ctl name="RX2 MIX1 INP1" value="ZERO" />
    <ctl name="RX1 MIX1 INP2" value="ZERO" />
    <ctl name="RX1 MIX1 INP1" value="ZERO" />

    <ctl name="RX1 Digital Volume" value="84" />
    <ctl name="RX2 Digital Volume" value="84" />
    <ctl name="RX3 Digital Volume" value="84" />

    <ctl name="Voice Rx Device Mute" id="0" value="0" />
    <ctl name="Voice Rx Device Mute" id="1" value="-1" />
    <ctl name="Voice Rx Device Mute" id="2" value="20" />
    <ctl name="Voice Rx Gain" id="0" value="0" />
    <ctl name="Voice Rx Gain" id="1" value="-1" />
    <ctl name="Voice Rx Gain" id="2" value="20" />
    <ctl name="Voip Rx Gain" id="0" value="0" />
    <ctl name="Voip Rx Gain" id="1" value="20" />

    <ctl name="Internal FM RX Volume" value="0" />
    <ctl name="EAR PA Gain" value="POS_6_DB" />
    <ctl name="SPK DAC Switch" value="0" />
    <ctl name="EAR_S" value="ZERO" />
    <ctl name="HPHL" value="ZERO" />
    <ctl name="HPHR" value="ZERO" />
    <ctl name="MI2S_RX Channels" value="One" />

    <ctl name="HDMI_RX_Voice Mixer VoWLAN" value="0" />

    <!-- reset TX part -->
    <ctl name="MultiMedia1 Mixer TERT_MI2S_TX" value="0" />
    <ctl name="MultiMedia1 Mixer QUAT_MI2S_TX" value="0" />
    <ctl name="MultiMedia1 Mixer INTERNAL_BT_SCO_TX" value="0" />
    <ctl name="MultiMedia1 Mixer INTERNAL_FM_TX" value="0" />
    <ctl name="MultiMedia1 Mixer VOC_REC_UL" value="0" />
    <ctl name="MultiMedia1 Mixer VOC_REC_DL" value="0" />
    <ctl name="MultiMedia2 Mixer INTERNAL_FM_TX" value="0" />

    <ctl name="Voice_Tx Mixer INTERNAL_BT_SCO_TX_Voice" value="0" />
    <ctl name="Voice_Tx Mixer PRI_MI2S_TX_Voice" value="0" />
    <ctl name="Voice_Tx Mixer TERT_MI2S_TX_Voice" value="0" />
    <ctl name="Voice_Tx Mixer QUAT_MI2S_TX_Voice" value="0" />

    <ctl name="Voice2_Tx Mixer PRI_MI2S_TX_Voice2" value="0" />
    <ctl name="Voice2_Tx Mixer QUAT_MI2S_TX_Voice2" value="0" />
    <ctl name="Voice2_Tx Mixer AFE_PCM_TX_Voice2" value="0" />
    <ctl name="Voice2_Tx Mixer INTERNAL_BT_SCO_TX_Voice2" value="0" />

    <ctl name="Voip_Tx Mixer PRI_MI2S_TX_Voip" value="0" />
    <ctl name="Voip_Tx Mixer INTERNAL_BT_SCO_TX_Voip" value="0" />
    <ctl name="Voip_Tx Mixer TERT_MI2S_TX_Voip" value="0" />
    <ctl name="Voip_Tx Mixer QUAT_MI2S_TX_Voip" value="0" />

    <ctl name="VoWLAN_Tx Mixer TERT_MI2S_TX_VoWLAN" value="0" />
    <ctl name="VoWLAN_Tx Mixer QUAT_MI2S_TX_VoWLAN" value="0" />
    <ctl name="VoWLAN_Tx Mixer INTERNAL_BT_SCO_TX_VoWLAN" value="0" />
    <ctl name="VoWLAN_Tx Mixer AFE_PCM_TX_VoWLAN" value="0" />

    <ctl name="QCHAT_Tx Mixer PRI_MI2S_TX_QCHAT" value="0" />
    <ctl name="QCHAT_Tx Mixer INTERNAL_BT_SCO_TX_QCHAT" value="0" />
    <ctl name="QCHAT_Tx Mixer TERT_MI2S_TX_QCHAT" value="0" />

    <ctl name="Voice Tx Mute" id="0" value="0" />
    <ctl name="Voice Tx Mute" id="1" value="-1" />
    <ctl name="Voice Tx Mute" id="2" value="500" />
    <ctl name="Voip Tx Mute" id="0" value="0" />
    <ctl name="Voip Tx Mute" id="1" value="500" />

    <ctl name="IIR1 INP1 Volume" value="84" />
    <ctl name="IIR1 INP2 Volume" value="84" />
    <ctl name="IIR1 INP3 Volume" value="84" />
    <ctl name="IIR1 INP4 Volume" value="84" />
    <ctl name="ADC1 Volume" value="13" />
    <ctl name="ADC2 Volume" value="13" />
    <ctl name="DEC1 Volume" value="84" />
    <ctl name="DEC2 Volume" value="84" />

    <ctl name="DEC2 MUX" value="ZERO" />
    <ctl name="DEC1 MUX" value="ZERO" />
    <ctl name="ADC2 MUX" value="ZERO" />

    <ctl name="MI2S_TX Channels" value="One" />
    <ctl name="VOC_EXT_EC MUX" value="NONE" />

    <ctl name="Internal BTSCO SampleRate" value="8000" />

    <ctl name="Voip Mode Config" value="12" />
    <ctl name="Voip Rate Config" value="0" />
    <ctl name="Voip Evrc Min Max Rate Config" id="0" value="1" />
    <ctl name="Voip Evrc Min Max Rate Config" id="1" value="4" />
    <ctl name="Voip Dtx Mode" value="0" />

    <ctl name="TTY Mode" value="Off" />
    <ctl name="AUDIO_REF_EC_UL1 MUX" value="None" />
    <ctl name="MICBIAS CAPLESS Switch" value="1" />

    <!-- IIR -->
    <ctl name="IIR1 Band1" id ="0" value="268435456" />
    <ctl name="IIR1 Band1" id ="1" value="0" />
    <ctl name="IIR1 Band1" id ="2" value="0" />
    <ctl name="IIR1 Band1" id ="3" value="0" />
    <ctl name="IIR1 Band1" id ="4" value="0" />
    <ctl name="IIR1 Band2" id ="0" value="268435456" />
    <ctl name="IIR1 Band2" id ="1" value="0" />
    <ctl name="IIR1 Band2" id ="2" value="0" />
    <ctl name="IIR1 Band2" id ="3" value="0" />
    <ctl name="IIR1 Band2" id ="4" value="0" />
    <ctl name="IIR1 Band3" id ="0" value="268435456" />
    <ctl name="IIR1 Band3" id ="1" value="0" />
    <ctl name="IIR1 Band3" id ="2" value="0" />
    <ctl name="IIR1 Band3" id ="3" value="0" />
    <ctl name="IIR1 Band3" id ="4" value="0" />
    <ctl name="IIR1 Band4" id ="0" value="268435456" />
    <ctl name="IIR1 Band4" id ="1" value="0" />
    <ctl name="IIR1 Band4" id ="2" value="0" />
    <ctl name="IIR1 Band4" id ="3" value="0" />
    <ctl name="IIR1 Band4" id ="4" value="0" />
    <ctl name="IIR1 Band5" id ="0" value="268435456" />
    <ctl name="IIR1 Band5" id ="1" value="0" />
    <ctl name="IIR1 Band5" id ="2" value="0" />
    <ctl name="IIR1 Band5" id ="3" value="0" />
    <ctl name="IIR1 Band5" id ="4" value="0" />
    <ctl name="IIR1 Enable Band1" value="0" />
    <ctl name="IIR1 Enable Band2" value="0" />
    <ctl name="IIR1 Enable Band3" value="0" />
    <ctl name="IIR1 Enable Band4" value="0" />
    <ctl name="IIR1 Enable Band5" value="0" />
    <!-- IIR -->
    <!-- reset RX/TX End -->

    <!-- ================================================================ -->
    <!-- Verb -->
    <!-- RX part -->
    <!-- hifi -->
    <path name="deep-buffer-playback">
        <ctl name="PRI_MI2S_RX Audio Mixer MultiMedia1" value="1" />
    </path>

    <path name="deep-buffer-playback speaker-amp">
        <ctl name="QUAT_MI2S_RX Audio Mixer MultiMedia1" value="1" />
    </path>

    <path name="deep-buffer-playback speaker-and-headphones">
        <path name="deep-buffer-playback" />
        <path name="deep-buffer-playback speaker-amp" />
    </path>

    <path name="deep-buffer-playback bt-sco">
        <ctl name="INTERNAL_BT_SCO_RX Audio Mixer MultiMedia1" value="1" />
    </path>

    <path name="deep-buffer-playback bt-sco-wb">
        <path name="deep-buffer-playback bt-sco" />
    </path>

    <path name="deep-buffer-playback afe-proxy">
        <ctl name="AFE_PCM_RX Audio Mixer MultiMedia1" value="1" />
    </path>

    <path name="deep-buffer-playback usb-headphones">
        <path name="deep-buffer-playback afe-proxy" />
    </path>

    <path name="deep-buffer-playback speaker-and-usb-headphones">
        <path name="deep-buffer-playback usb-headphones" />
        <path name="deep-buffer-playback speaker-amp" />
    </path>

    <path name="deep-buffer-playback transmission-fm">
        <ctl name="INTERNAL_FM_RX Audio Mixer MultiMedia1" value="1" />
    </path>

    <!-- low latency -->
    <path name="low-latency-playback">
        <ctl name="PRI_MI2S_RX Audio Mixer MultiMedia5" value="1" />
    </path>

    <path name="low-latency-playback speaker-amp">
        <ctl name="QUAT_MI2S_RX Audio Mixer MultiMedia5" value="1" />
    </path>

    <path name="low-latency-playback speaker-and-headphones">
        <path name="low-latency-playback" />
        <path name="low-latency-playback speaker-amp" />
    </path>

    <path name="low-latency-playback bt-sco">
        <ctl name="INTERNAL_BT_SCO_RX Audio Mixer MultiMedia5" value="1" />
    </path>

    <path name="low-latency-playback bt-sco-wb">
        <path name="low-latency-playback bt-sco" />
    </path>

    <path name="low-latency-playback afe-proxy">
        <ctl name="AFE_PCM_RX Audio Mixer MultiMedia5" value="1" />
    </path>

    <path name="low-latency-playback usb-headphones">
        <path name="low-latency-playback afe-proxy" />
    </path>

    <path name="low-latency-playback speaker-and-usb-headphones">
        <path name="low-latency-playback usb-headphones" />
        <path name="low-latency-playback speaker-amp" />
    </path>

    <path name="low-latency-playback transmission-fm">
        <ctl name="INTERNAL_FM_RX Audio Mixer MultiMedia5" value="1" />
    </path>

    <!-- tunnel -->
    <path name="compress-offload-playback">
        <ctl name="PRI_MI2S_RX Audio Mixer MultiMedia4" value="1" />
    </path>

    <path name="compress-offload-playback speaker-amp">
        <ctl name="QUAT_MI2S_RX Audio Mixer MultiMedia4" value="1" />
    </path>

    <path name="compress-offload-playback speaker-and-headphones">
        <path name="compress-offload-playback" />
        <path name="compress-offload-playback speaker-amp" />
    </path>

    <path name="compress-offload-playback bt-sco">
        <ctl name="INTERNAL_BT_SCO_RX Audio Mixer MultiMedia4" value="1" />
    </path>

    <path name="compress-offload-playback bt-sco-wb">
        <ctl name="Internal BTSCO SampleRate" value="16000" />
        <path name="compress-offload-playback bt-sco" />
    </path>

    <path name="compress-offload-playback afe-proxy">
        <ctl name="AFE_PCM_RX Audio Mixer MultiMedia4" value="1" />
    </path>

    <path name="compress-offload-playback usb-headphones">
        <path name="compress-offload-playback afe-proxy" />
    </path>

    <path name="compress-offload-playback speaker-and-usb-headphones">
        <path name="compress-offload-playback usb-headphones" />
        <path name="compress-offload-playback" />
    </path>

    <path name="compress-offload-playback transmission-fm">
        <ctl name="INTERNAL_FM_RX Audio Mixer MultiMedia4" value="1" />
    </path>

    <!-- TX part -->
    <path name="audio-record">
        <ctl name="MultiMedia1 Mixer TERT_MI2S_TX" value="1" />
    </path>

    <path name="audio-record speaker-amp">
        <ctl name="MultiMedia1 Mixer QUAT_MI2S_TX" value="1" />
    </path>

    <path name="audio-record bt-sco">
        <ctl name="MultiMedia1 Mixer INTERNAL_BT_SCO_TX" value="1" />
    </path>

    <path name="audio-record bt-sco-wb">
        <ctl name="Internal BTSCO SampleRate" value="16000" />
        <path name="audio-record bt-sco" />
    </path>

    <path name="audio-record usb-headset-mic">
        <ctl name="MultiMedia1 Mixer AFE_PCM_TX" value="1" />
    </path>

    <path name="audio-record capture-fm">
        <ctl name="MultiMedia1 Mixer INTERNAL_FM_TX" value="1" />
    </path>

    <path name="fm-virtual-record capture-fm">
        <ctl name="MultiMedia2 Mixer INTERNAL_FM_TX" value="1" />
    </path>

    <!-- call part -->
    <path name="voice-call">
        <ctl name="PRI_MI2S_RX_Voice Mixer CSVoice" value="1" />
        <ctl name="Voice_Tx Mixer TERT_MI2S_TX_Voice" value="1" />
    </path>

    <path name="voice-call speaker-amp">
        <ctl name="QUAT_MI2S_RX_Voice Mixer CSVoice" value="1" />
        <ctl name="Voice_Tx Mixer TERT_MI2S_TX_Voice" value="1" />
    </path>

    <path name="voice-call bt-sco">
        <ctl name="INTERNAL_BT_SCO_RX_Voice Mixer CSVoice" value="1" />
        <ctl name="Voice_Tx Mixer INTERNAL_BT_SCO_TX_Voice" value="1" />
    </path>

    <path name="voice-call bt-sco-wb">
        <ctl name="Internal BTSCO SampleRate" value="16000" />
        <path name="voice-call bt-sco" />
    </path>

    <path name="voice-call usb-headphones">
        <ctl name="AFE_PCM_RX_Voice Mixer CSVoice" value="1" />
        <ctl name="Voice_Tx Mixer AFE_PCM_TX_Voice" value="1" />
    </path>

    <path name="voice-call-cp2">
        <ctl name="PRI_MI2S_RX_Voice Mixer Voice2" value="1" />
        <ctl name="Voice2_Tx Mixer TERT_MI2S_TX_Voice2" value="1" />
    </path>

    <path name="voice-call-cp2 speaker-amp">
        <ctl name="QUAT_MI2S_RX_Voice Mixer Voice2" value="1" />
        <ctl name="Voice2_Tx Mixer TERT_MI2S_TX_Voice2" value="1" />
    </path>

    <path name="voice-call-cp2 bt-sco">
        <ctl name="INTERNAL_BT_SCO_RX_Voice Mixer Voice2" value="1" />
        <ctl name="Voice2_Tx Mixer INTERNAL_BT_SCO_TX_Voice2" value="1" />
    </path>

    <path name="play-fm">
        <ctl name="Internal FM RX Volume" value="1" />
        <ctl name="PRI_MI2S_RX Port Mixer INTERNAL_FM_TX" value="1" />
    </path>

    <path name="play-fm speaker-amp">
        <ctl name="Internal FM RX Volume" value="1" />
        <ctl name="QUAT_MI2S_RX Port Mixer INTERNAL_FM_TX" value="1" />
    </path>

    <path name="fm-input">
        <path name="audio-record capture-fm" />
    </path>

    <path name="vowlan-call">
        <ctl name="PRI_MI2S_RX_Voice Mixer VoWLAN" value="1" />
        <ctl name="VoWLAN_Tx Mixer TERT_MI2S_TX_VoWLAN" value="1" />
    </path>

    <path name="vowlan-call speaker-amp">
        <ctl name="QUAT_MI2S_RX_Voice Mixer VoWLAN" value="1" />
        <ctl name="VoWLAN_Tx Mixer TERT_MI2S_TX_VoWLAN" value="1" />
    </path>

    <path name="vowlan-call hdmi">
        <ctl name="HDMI_RX_Voice Mixer VoWLAN" value="1" />
        <ctl name="VoWLAN_Tx Mixer TERT_MI2S_TX_VoWLAN" value="1" />
    </path>

    <path name="vowlan-call bt-sco">
        <ctl name="INTERNAL_BT_SCO_RX_Voice Mixer VoWLAN" value="1" />
        <ctl name="VoWLAN_Tx Mixer INTERNAL_BT_SCO_TX_VoWLAN" value="1" />
    </path>

    <path name="vowlan-call bt-sco-wb">
        <ctl name="Internal BTSCO SampleRate" value="16000" />
        <path name="vowlan-call bt-sco" />
    </path>

    <path name="vowlan-call usb-headphones">
        <ctl name="AFE_PCM_RX_Voice Mixer VoWLAN" value="1" />
        <ctl name="VoWLAN_Tx Mixer AFE_PCM_TX_VoWLAN" value="1" />
    </path>

    <path name="hfp-sco">
        <ctl name="PRI_MI2S_RX Port Mixer INTERNAL_BT_SCO_TX" value="1" />
        <ctl name="INTERNAL_BT_SCO_RX Audio Mixer MultiMedia6" value="1" />
        <ctl name="MultiMedia6 Mixer TERT_MI2S_TX" value="1" />
    </path>

    <path name="echo-reference">
        <ctl name="AUDIO_REF_EC_UL1 MUX" value="I2S_RX" />
    </path>

    <path name="echo-reference speaker-amp">
        <ctl name="AUDIO_REF_EC_UL1 MUX" value="QUAT_MI2S_TX" />
    </path>

    <path name="hfp-sco-wb">
        <ctl name="Internal BTSCO SampleRate" value="16000" />
        <path name="hfp-sco" />
    </path>	

    <path name="incall-rec-uplink">
        <ctl name="MultiMedia1 Mixer VOC_REC_UL" value="1" />
    </path>

    <path name="incall-rec-uplink bt-sco">
        <path name="incall-rec-uplink" />
    </path>

    <path name="incall-rec-uplink bt-sco-wb">
        <path name="incall-rec-uplink" />
    </path>

    <path name="incall-rec-downlink">
        <ctl name="MultiMedia1 Mixer VOC_REC_DL" value="1" />
    </path>

    <path name="incall-rec-downlink bt-sco">
        <path name="incall-rec-downlink" />
    </path>

    <path name="incall-rec-downlink bt-sco-wb">
        <path name="incall-rec-downlink" />
    </path>

    <path name="incall-rec-uplink-and-downlink">
        <path name="incall-rec-uplink" />
        <path name="incall-rec-downlink" />
    </path>

    <path name="incall-rec-uplink-and-downlink bt-sco">
        <path name="incall-rec-uplink-and-downlink" />
    </path>

    <path name="incall-rec-uplink-and-downlink bt-sco-wb">
        <path name="incall-rec-uplink-and-downlink" />
    </path>

    <path name="incall_music_uplink">
       <ctl name="Incall_Music Audio Mixer MultiMedia2" value="1" />
    </path>

    <path name="incall_music_uplink2">
        <ctl name="Incall_Music_2 Audio Mixer MultiMedia9" value="1" />
    </path>

    <path name="incall-rec-uplink-cp2">
        <ctl name="MultiMedia1 Mixer VOC_REC_UL" value="1" />
    </path>

    <path name="incall-rec-downlink-cp2">
        <ctl name="MultiMedia1 Mixer VOC_REC_DL" value="1" />
    </path>  

    <path name="incall-rec-uplink-and-downlink-cp2">
        <path name="incall-rec-uplink-cp2" />
        <path name="incall-rec-downlink-cp2" />
    </path>    

    <path name="incall-rec-uplink-and-downlink-cp2 bt-sco">
        <path name="incall-rec-uplink-cp2" />
        <path name="incall-rec-downlink-cp2" />
    </path>
    
    <path name="voip-call">
        <ctl name="PRI_MI2S_RX_Voice Mixer Voip" value="1" />
        <ctl name="Voip_Tx Mixer TERT_MI2S_TX_Voip" value="1" />
    </path>

    <path name="voip-call speaker-amp">
        <ctl name="QUAT_MI2S_RX_Voice Mixer Voip" value="1" />
        <ctl name="Voip_Tx Mixer TERT_MI2S_TX_Voip" value="1" />
    </path>

    <path name="voip-call bt-sco">
        <ctl name="INTERNAL_BT_SCO_RX_Voice Mixer Voip" value="1" />
        <ctl name="Voip_Tx Mixer INTERNAL_BT_SCO_TX_Voip" value="1" />
    </path>

    <path name="volte-call">
        <ctl name="PRI_MI2S_RX_Voice Mixer VoLTE" value="1" />
        <ctl name="VoLTE_Tx Mixer TERT_MI2S_TX_VoLTE" value="1" />
    </path>

    <path name="volte-call speaker-amp">
        <ctl name="QUAT_MI2S_RX_Voice Mixer VoLTE" value="1" />
        <ctl name="VoLTE_Tx Mixer TERT_MI2S_TX_VoLTE" value="1" />
    </path>

   <path name="volte-call hdmi">
       <ctl name="HDMI_RX_Voice Mixer VoLTE" value="1" />
       <ctl name="VoLTE_Tx Mixer SLIM_0_TX_VoLTE" value="1" />
   </path>

   <path name="volte-call bt-sco">
        <ctl name="INTERNAL_BT_SCO_RX_Voice Mixer VoLTE" value="1" />
        <ctl name="VoLTE_Tx Mixer INTERNAL_BT_SCO_TX_VoLTE" value="1" />
    </path>

   <path name="volte-call bt-sco-wb">
        <ctl name="Internal BTSCO SampleRate" value="16000" />
        <path name="volte-call bt-sco" />
    </path>

   <path name="volte-call usb-headphones">
        <ctl name="AFE_PCM_RX_Voice Mixer VoLTE" value="1" />
        <ctl name="VoLTE_Tx Mixer AFE_PCM_TX_VoLTE" value="1" />
   </path>

    <path name="compress-voip-call">
        <ctl name="PRI_MI2S_RX_Voice Mixer Voip" value="1" />
        <ctl name="Voip_Tx Mixer TERT_MI2S_TX_Voip" value="1" />
    </path>

    <path name="compress-voip-call speaker-amp">
        <ctl name="QUAT_MI2S_RX_Voice Mixer Voip" value="1" />
        <ctl name="Voip_Tx Mixer TERT_MI2S_TX_Voip" value="1" />
    </path>    

    <path name="compress-voip-call bt-sco">
        <ctl name="INTERNAL_BT_SCO_RX_Voice Mixer Voip" value="1" />
        <ctl name="Voip_Tx Mixer INTERNAL_BT_SCO_TX_Voip" value="1" />
    </path>

    <path name="compress-voip-call bt-sco-wb">
        <ctl name="Internal BTSCO SampleRate" value="16000" />
        <path name="compress-voip-call bt-sco" />
    </path>

    <path name="qchat-call">
        <ctl name="PRI_MI2S_RX_Voice Mixer QCHAT" value="1" />
        <ctl name="QCHAT_Tx Mixer TERT_MI2S_TX_QCHAT" value="1" />
    </path>

    <path name="qchat-call speaker-amp">
        <ctl name="QUAT_MI2S_RX_Voice Mixer QCHAT" value="1" />
        <ctl name="QCHAT_Tx Mixer TERT_MI2S_TX_QCHAT" value="1" />
    </path>

    <path name="qchat-call bt-sco">
        <ctl name="INTERNAL_BT_SCO_RX_Voice Mixer QCHAT" value="1" />
        <ctl name="QCHAT_Tx Mixer INTERNAL_BT_SCO_TX_QCHAT" value="1" />
    </path>

    <path name="qchat-call bt-sco-wb">
        <ctl name="Internal BTSCO SampleRate" value="16000" />
        <path name="qchat-call bt-sco" />
    </path>
    <!-- end of Verb -->

    <!-- ================================================================ -->
    <!-- Device -->
    <!-- RX part -->

    <path name="rcv">
        <ctl name="RX1 MIX1 INP1" value="RX1" />
        <ctl name="RDAC2 MUX" value="RX1" />
        <ctl name="EAR_S" value="Switch" />
    </path>

    <path name="spk">
        <ctl name="MI2S_RX Channels" value="Two" />
        <ctl name="RX3 MIX1 INP1" value="RX1" />
        <ctl name="RX3 MIX1 INP2" value="RX2" />
        <ctl name="SPK DAC Switch" value="1" />
    </path>

    <path name="ear">
        <ctl name="MI2S_RX Channels" value="Two" />
        <ctl name="RX1 MIX1 INP1" value="RX1" />
        <ctl name="RX2 MIX1 INP1" value="RX2" />
        <ctl name="RDAC2 MUX" value="RX2" />
        <ctl name="HPHL" value="Switch" />
        <ctl name="HPHR" value="Switch" />
    </path>

    <path name="lineout">
        <ctl name="MI2S_RX Channels" value="Two" />
        <ctl name="RX1 MIX1 INP1" value="RX1" />
        <ctl name="RX2 MIX1 INP1" value="RX2" />
        <ctl name="RDAC2 MUX" value="RX2" />
        <ctl name="HPHL" value="Switch" />
        <ctl name="HPHR" value="Switch" />
    </path>

    <path name="spk-lineout">
        <ctl name="MI2S_RX Channels" value="Two" />
        <ctl name="RX1 MIX1 INP1" value="RX1" />
        <ctl name="RX2 MIX1 INP1" value="RX2" />
        <ctl name="RX3 MIX1 INP1" value="RX1" />
	<ctl name="RX3 MIX1 INP2" value="RX2" />
        <ctl name="RDAC2 MUX" value="RX2" />
        <ctl name="SPK DAC Switch" value="1" />
        <ctl name="HPHL" value="Switch" />
        <ctl name="HPHR" value="Switch" />
    </path>

    <path name="spk-ear">
        <ctl name="MI2S_RX Channels" value="Two" />
        <ctl name="RX1 MIX1 INP1" value="RX1" />
        <ctl name="RX2 MIX1 INP1" value="RX2" />
        <ctl name="RX3 MIX1 INP1" value="RX1" />
	<ctl name="RX3 MIX1 INP2" value="RX2" />
        <ctl name="RDAC2 MUX" value="RX2" />
        <ctl name="SPK DAC Switch" value="1" />
        <ctl name="HPHL" value="Switch" />
        <ctl name="HPHR" value="Switch" />
    </path>

    <!-- TX part -->
    <path name="main-mic">
        <ctl name="DEC1 MUX" value="ADC1" />
        <ctl name="MICBIAS CAPLESS Switch" value="0" />
    </path>

    <path name="sub-mic">
        <ctl name="DEC1 MUX" value="ADC2" />
        <ctl name="ADC2 MUX" value="INP3" />
        <ctl name="MICBIAS CAPLESS Switch" value="0" />
    </path>

    <path name="3rd-mic">
        <path name="main-mic" />
        <ctl name="DEC1 Volume" value="68" />
        <ctl name="ADC1 Volume" value="68" />
        <ctl name="MICBIAS CAPLESS Switch" value="0" />
    </path>

    <path name="ear-mic">
        <ctl name="DEC1 MUX" value="ADC2" />
        <ctl name="ADC2 MUX" value="INP2" />
        <ctl name="IIR1 INP1 MUX" value="DEC1" />
    </path>

    <path name="main-sub-mic">
        <ctl name="MI2S_TX Channels" value="Two" />
        <ctl name="DEC1 MUX" value="ADC1" />
        <ctl name="DEC2 MUX" value="ADC2" />
        <ctl name="ADC2 MUX" value="INP3" />
        <ctl name="MICBIAS CAPLESS Switch" value="0" />
    </path>

    <path name="sub-main-mic">
        <ctl name="MI2S_TX Channels" value="Two" />
        <ctl name="DEC1 MUX" value="ADC2" />
        <ctl name="DEC2 MUX" value="ADC1" />
        <ctl name="ADC2 MUX" value="INP3" />
        <ctl name="MICBIAS CAPLESS Switch" value="0" />
    </path>

    <path name="sub-3rd-mic">
        <path name="main-mic" />
        <ctl name="DEC1 Volume" value="68" />
        <ctl name="ADC1 Volume" value="68" />
        <ctl name="MICBIAS CAPLESS Switch" value="0" />
    </path>

    <path name="main-3rd-mic">
        <path name="main-mic" />
        <ctl name="DEC1 Volume" value="68" />
        <ctl name="ADC1 Volume" value="68" />
        <ctl name="MICBIAS CAPLESS Switch" value="0" />
    </path>

    <path name="main-sub-3rd-mic">
        <path name="main-mic" />
        <ctl name="DEC1 Volume" value="68" />
        <ctl name="ADC1 Volume" value="68" />
        <ctl name="MICBIAS CAPLESS Switch" value="0" />
    </path>

    <path name="3rd-sub-main-mic">
        <path name="main-mic" />
        <ctl name="DEC1 Volume" value="68" />
        <ctl name="ADC1 Volume" value="68" />
        <ctl name="MICBIAS CAPLESS Switch" value="0" />
    </path>
    <!-- end of Device -->

    <!-- ================================================================ -->
    <!-- Play Scenario  -->
    <path name="handset">
        <path name="rcv" />
        <ctl name="RX1 Digital Volume" value="84" />
    </path>

    <path name="speaker">
        <path name="spk" />
        <ctl name="RX3 Digital Volume" value="79" />
    </path>

    <path name="headset">
        <path name="ear" />
        <ctl name="RX1 Digital Volume" value="83" />
        <ctl name="RX2 Digital Volume" value="83" />
    </path>

    <path name="dock">
        <path name="lineout" />
        <ctl name="RX1 Digital Volume" value="83" />
        <ctl name="RX2 Digital Volume" value="83" />
        <ctl name="EAR PA Gain" value="POS_1P5_DB" />
    </path>

    <path name="headphones">
        <path name="ear" />
        <ctl name="RX1 Digital Volume" value="83" />
        <ctl name="RX2 Digital Volume" value="83" />
        <ctl name="EAR PA Gain" value="POS_1P5_DB" />
    </path>

    <path name="speaker-and-headphones">
        <path name="spk-ear" />
        <ctl name="RX1 Digital Volume" value="59" />
        <ctl name="RX2 Digital Volume" value="59" />
        <ctl name="RX3 Digital Volume" value="81" />
        <ctl name="EAR PA Gain" value="POS_1P5_DB" />
	<ctl name="PRI_MI2S_RX Audio Mixer MultiMedia1" value="1" />
	<ctl name="PRI_MI2S_RX Audio Mixer MultiMedia5" value="1" />
    </path>

    <path name="speaker-and-hdmi">
        <path name="spk" />
        <ctl name="RX3 Digital Volume" value="84" />
    </path>

    <path name="speaker-and-proxy">
        <path name="spk" />
        <ctl name="RX3 Digital Volume" value="84" />
    </path>

    <path name="speaker-and-dock">
	<path name="spk-lineout" />
        <ctl name="RX1 Digital Volume" value="56" />
        <ctl name="RX2 Digital Volume" value="56" />
        <ctl name="RX3 Digital Volume" value="81" />
        <ctl name="EAR PA Gain" value="POS_1P5_DB" />
	<ctl name="PRI_MI2S_RX Audio Mixer MultiMedia1" value="1" />
	<ctl name="PRI_MI2S_RX Audio Mixer MultiMedia5" value="1" />
    </path>

    <path name="fm-speaker">
        <path name="spk" />
        <ctl name="RX3 Digital Volume" value="80" />
    </path>

    <path name="fm-headset">
        <path name="ear" />
        <ctl name="RX1 Digital Volume" value="78" />
        <ctl name="RX2 Digital Volume" value="78" />
        <ctl name="EAR PA Gain" value="POS_1P5_DB" />
    </path>

    <!-- end of Play Scenario -->

    <!-- ================================================================ -->
    <!-- Recording Scenario  -->
    <path name="rec-main-mic">
        <path name="main-mic" />
        <ctl name="DEC1 Volume" value="80" />
        <ctl name="ADC1 Volume" value="7" />
    </path>

    <path name="rec-sub-mic">
        <path name="sub-mic" />
        <ctl name="DEC1 Volume" value="82" />
        <ctl name="ADC3 Volume" value="4" />
    </path>

    <path name="rec-headset-mic">
        <path name="ear-mic" />
        <ctl name="DEC1 Volume" value="82" />
        <ctl name="ADC2 Volume" value="4" />
    </path>

    <path name="rec-stereo-mic">
        <path name="sub-main-mic" />
        <ctl name="DEC1 Volume" value="80" />
        <ctl name="ADC1 Volume" value="7" />
        <ctl name="DEC2 Volume" value="79" />
        <ctl name="ADC3 Volume" value="7" />
    </path>

    <path name="rec-high-gain-main-mic">
        <path name="rec-main-mic" />
    </path>

    <path name="rec-high-gain-sub-mic">
        <path name="rec-sub-mic" />
    </path>

    <path name="rec-high-gain-headset-mic">
        <path name="rec-headset-mic" />
    </path>

    <path name="rec-high-gain-stereo-mic">
        <path name="main-sub-mic" />
        <ctl name="DEC1 Volume" value="95" />
        <ctl name="ADC1 Volume" value="4" />
        <ctl name="DEC2 Volume" value="95" />
        <ctl name="ADC3 Volume" value="4" />	
    </path>

    <path name="rec-NS-mic-interview">
        <path name="main-sub-mic" />
        <ctl name="DEC1 Volume" value="84" />
        <ctl name="ADC1 Volume" value="4" />
        <ctl name="ADC3 Volume" value="4" />
    </path>

    <path name="rec-NS-mic-conversation">
        <path name="main-sub-mic" />
        <ctl name="DEC1 Volume" value="84" />
        <ctl name="ADC1 Volume" value="4" />
        <ctl name="ADC3 Volume" value="4" />
    </path>

    <path name="rec-NS-mic-conference">
        <path name="main-sub-mic" />
        <ctl name="DEC1 Volume" value="84" />
        <ctl name="ADC1 Volume" value="4" />
        <ctl name="ADC3 Volume" value="4" />
    </path>
    <!-- end of Recording Scenario -->

    <!-- ================================================================ -->
    <!-- recognition Scenario -->
    <path name="vr-main-mic">
        <path name="main-mic" />
        <ctl name="DEC1 Volume" value="84" />
        <ctl name="ADC1 Volume" value="4" />
    </path>

    <path name="vr-sub-mic">
        <path name="sub-mic" />
        <ctl name="DEC1 Volume" value="84" />
        <ctl name="ADC3 Volume" value="4" />
    </path>

    <path name="vr-headset-mic">
        <path name="ear-mic" />
        <ctl name="DEC1 Volume" value="82" />
        <ctl name="ADC2 Volume" value="4" />
    </path>

    <path name="bargein1-main-mic">
        <path name="main-mic" />
        <ctl name="DEC1 Volume" value="103" />
        <ctl name="ADC1 Volume" value="4" />
    </path>

    <path name="bargein1-sub-mic">
        <path name="sub-mic" />
        <ctl name="DEC1 Volume" value="103" />
        <ctl name="ADC3 Volume" value="4" />
    </path>

    <path name="bargein1-earphone-mic">
        <path name="main-mic" />
        <ctl name="DEC1 Volume" value="82" />
        <ctl name="ADC1 Volume" value="4" />
    </path>

    <path name="bargein1-headset-mic">
        <path name="ear-mic" />
        <ctl name="DEC1 Volume" value="82" />
        <ctl name="ADC2 Volume" value="4" />
    </path>

    <path name="bargein2-main-mic">
        <path name="main-mic" />
        <ctl name="DEC1 Volume" value="103" />
        <ctl name="ADC1 Volume" value="4" />
    </path>

    <path name="bargein2-sub-mic">
        <path name="sub-mic" />
        <ctl name="DEC1 Volume" value="103" />
        <ctl name="ADC3 Volume" value="4" />
    </path>

    <path name="bargein2-earphone-mic">
        <path name="main-mic" />
        <ctl name="DEC1 Volume" value="82" />
        <ctl name="ADC1 Volume" value="4" />
    </path>

    <path name="bargein2-headset-mic">
        <path name="ear-mic" />
        <ctl name="DEC1 Volume" value="82" />
        <ctl name="ADC2 Volume" value="4" />
    </path>

    <path name="svoice-main-mic">
        <path name="main-mic" />
        <ctl name="DEC1 Volume" value="82" />
        <ctl name="ADC1 Volume" value="4" />
    </path>

    <path name="svoice-NS-mic">
        <path name="main-sub-mic" />
    </path>

    <path name="sdriving-NS-mic">
        <path name="main-sub-mic" />
    </path>

    <path name="voice-wakeup">
    </path>

    <path name="voice-wakeup-lpsd">
    </path>
    <!-- end of recognition Scenario -->

    <!-- ================================================================ -->
    <!-- Voice call Scenario -->
    <!-- RX part -->
    <path name="voice-call-handset">
        <path name="rcv" />
        <ctl name="RX1 Digital Volume" value="84" />
    </path>

    <path name="voice-call-handset-extra-vol">
        <path name="rcv" />
        <ctl name="RX1 Digital Volume" value="84" />
    </path>

    <path name="voice-call-handset-emergency">
        <path name="rcv" />
        <ctl name="RX1 Digital Volume" value="84" />
    </path>

    <path name="voice-call-handset-hac">
        <path name="rcv" />
        <ctl name="RX1 Digital Volume" value="84" />
    </path>

    <path name="voice-call-speaker">
        <path name="spk" />
        <ctl name="RX3 Digital Volume" value="84" />
    </path>

    <path name="voice-call-speaker-extra-vol">
        <path name="spk" />
        <ctl name="RX3 Digital Volume" value="86" />
    </path>

    <path name="voice-call-speaker-emergency">
        <path name="spk" />
        <ctl name="RX3 Digital Volume" value="84" />
    </path>

    <path name="voice-call-headset">
        <path name="ear" />
        <ctl name="RX1 Digital Volume" value="82" />
        <ctl name="RX2 Digital Volume" value="82" />
        <ctl name="EAR PA Gain" value="POS_1P5_DB" />
    </path>

    <path name="voice-call-dock">
    </path>

    <!-- TX part -->
    <path name="voice-call-main-mic">
        <path name="main-sub-mic" />
        <ctl name="DEC1 Volume" value="84" />
        <ctl name="ADC1 Volume" value="5" />
	<ctl name="DEC2 Volume" value="84" />
        <ctl name="ADC3 Volume" value="5" />
    </path>

    <path name="voice-call-main-mic-emergency">
        <path name="main-sub-mic" />
        <ctl name="DEC1 Volume" value="84" />
        <ctl name="ADC1 Volume" value="5" />
	<ctl name="DEC2 Volume" value="84" />
        <ctl name="ADC3 Volume" value="5" />
    </path>

    <path name="voice-call-sub-mic">
        <path name="main-sub-mic" />
        <ctl name="DEC1 Volume" value="84" />
        <ctl name="ADC1 Volume" value="4" />
	<ctl name="DEC2 Volume" value="84" />	
        <ctl name="ADC3 Volume" value="4" />
    </path>

    <path name="voice-call-sub-mic-emergency">
        <path name="main-sub-mic" />
        <ctl name="DEC1 Volume" value="84" />
        <ctl name="ADC1 Volume" value="4" />
	<ctl name="DEC2 Volume" value="84" />	
        <ctl name="ADC3 Volume" value="4" />
    </path>

    <path name="voice-call-headphone-mic">
        <path name="main-mic" />
        <ctl name="DEC1 Volume" value="84" />
        <ctl name="ADC1 Volume" value="5" />
    </path>

    <path name="voice-call-headset-mic">
        <path name="ear-mic" />
        <ctl name="DEC1 Volume" value="84" />
        <ctl name="ADC2 Volume" value="6" />
    </path>

    <path name="voice-call-NS-mic-handset">
        <path name="main-sub-mic" />
        <ctl name="DEC1 Volume" value="84" />
        <ctl name="ADC1 Volume" value="5" />
	<ctl name="DEC2 Volume" value="84" />
        <ctl name="ADC3 Volume" value="5" />
    </path>

    <path name="voice-call-NS-mic-speaker">
        <path name="main-sub-mic" />
        <ctl name="DEC1 Volume" value="84" />
        <ctl name="ADC1 Volume" value="4" />
	<ctl name="DEC2 Volume" value="84" />
        <ctl name="ADC3 Volume" value="4" />

    </path>
    <!-- end of Voice call Scenario  -->

    <!-- ================================================================ -->
    <!-- Voice call cp2 Scenario -->
    <!-- RX part -->
    <path name="voice-call-cp2-handset">
        <path name="rcv" />
        <ctl name="RX1 Digital Volume" value="84" />
    </path>

    <path name="voice-call-cp2-handset-extra-vol">
        <path name="rcv" />
        <ctl name="RX1 Digital Volume" value="84" />
    </path>

    <path name="voice-call-cp2-handset-emergency">
        <path name="rcv" />
        <ctl name="RX1 Digital Volume" value="84" />
    </path>

    <path name="voice-call-cp2-handset-hac">
        <path name="rcv" />
        <ctl name="RX1 Digital Volume" value="84" />
    </path>

    <path name="voice-call-cp2-speaker">
        <path name="spk" />
        <ctl name="RX3 Digital Volume" value="84" />
    </path>

    <path name="voice-call-cp2-speaker-extra-vol">
        <path name="spk" />
        <ctl name="RX3 Digital Volume" value="86" />
    </path>

    <path name="voice-call-cp2-speaker-emergency">
        <path name="spk" />
        <ctl name="RX3 Digital Volume" value="84" />
    </path>

    <path name="voice-call-cp2-headset">
        <path name="ear" />
        <ctl name="RX1 Digital Volume" value="82" />
        <ctl name="RX2 Digital Volume" value="82" />
        <ctl name="EAR PA Gain" value="POS_1P5_DB" />
    </path>

    <path name="voice-call-cp2-dock">
    </path>

    <!-- TX part -->
    <path name="voice-call-cp2-main-mic">
        <path name="main-sub-mic" />
        <ctl name="DEC1 Volume" value="84" />
        <ctl name="ADC1 Volume" value="5" />
        <ctl name="DEC2 Volume" value="84" />
        <ctl name="ADC3 Volume" value="5" />
    </path>

    <path name="voice-call-cp2-main-mic-emergency">
        <path name="main-sub-mic" />
        <ctl name="DEC1 Volume" value="84" />
        <ctl name="ADC1 Volume" value="5" />
        <ctl name="DEC2 Volume" value="84" />
        <ctl name="ADC3 Volume" value="5" />
    </path>

    <path name="voice-call-cp2-sub-mic">
        <path name="main-sub-mic" />
        <ctl name="DEC1 Volume" value="84" />
        <ctl name="ADC1 Volume" value="4" />
        <ctl name="DEC2 Volume" value="84" />
        <ctl name="ADC3 Volume" value="4" />
    </path>

    <path name="voice-call-cp2-sub-mic-emergency">
        <path name="main-sub-mic" />
        <ctl name="DEC1 Volume" value="84" />
        <ctl name="ADC1 Volume" value="4" />
        <ctl name="DEC2 Volume" value="84" />
        <ctl name="ADC3 Volume" value="4" />
    </path>

    <path name="voice-call-cp2-headphone-mic">
        <path name="main-mic" />
        <ctl name="DEC1 Volume" value="84" />
        <ctl name="ADC1 Volume" value="5" />
    </path>

    <path name="voice-call-cp2-headset-mic">
        <path name="ear-mic" />
        <ctl name="DEC1 Volume" value="84" />
        <ctl name="ADC2 Volume" value="6" />
    </path>

    <path name="voice-call-cp2-NS-mic-handset">
        <path name="main-sub-mic" />
        <ctl name="DEC1 Volume" value="84" />
        <ctl name="ADC1 Volume" value="5" />
        <ctl name="DEC2 Volume" value="84" />
        <ctl name="ADC3 Volume" value="5" />
    </path>

    <path name="voice-call-cp2-NS-mic-speaker">
        <path name="main-sub-mic" />
        <ctl name="DEC1 Volume" value="84" />
        <ctl name="ADC1 Volume" value="4" />
        <ctl name="DEC2 Volume" value="84" />
        <ctl name="ADC3 Volume" value="4" />

    </path>
    <!-- end of Voice call cp2 Scenario  -->

    <!-- ================================================================ -->
    <!-- call forward Scenario -->
    <path name="voice-call-forward">
    	<path name="rcv" />
        <ctl name="RX1 Digital Volume" value="0" />
    </path>

    <path name="voice-call-forward-mic">
        <path name="main-mic" />
        <ctl name="DEC1 Volume" value="0" />
        <ctl name="ADC1 Volume" value="0" />
    </path>
    <!-- end of call forward Scenario -->

    <!-- ================================================================ -->
    <!-- Video call Scenario -->
    <!-- RX part -->
    <path name="video-call-handset">
        <path name="rcv" />
        <ctl name="RX1 Digital Volume" value="84" />
    </path>

    <path name="video-call-handset-extra-vol">
        <path name="rcv" />
        <ctl name="RX1 Digital Volume" value="84" />
    </path>

    <path name="video-call-speaker">
        <path name="spk" />
        <ctl name="RX3 Digital Volume" value="84" />
    </path>

    <path name="video-call-speaker-extra-vol">
        <path name="video-call-speaker" />
    </path>

    <path name="video-call-headset">
        <path name="ear" />
        <ctl name="RX1 Digital Volume" value="82" />
        <ctl name="RX2 Digital Volume" value="82" />
        <ctl name="EAR PA Gain" value="POS_1P5_DB" />
    </path>

    <path name="video-call-dock">
    </path>

    <!-- TX part -->
    <path name="video-call-main-mic">
        <path name="main-sub-mic" />
        <ctl name="DEC1 Volume" value="84" />
        <ctl name="ADC1 Volume" value="5" />
        <ctl name="DEC2 Volume" value="84" />
        <ctl name="ADC3 Volume" value="5" />
    </path>

    <path name="video-call-sub-mic">
        <path name="main-sub-mic" />
        <ctl name="DEC1 Volume" value="84" />
        <ctl name="ADC1 Volume" value="4" />
        <ctl name="DEC2 Volume" value="84" />
        <ctl name="ADC3 Volume" value="4" />
    </path>

    <path name="video-call-headphone-mic">
        <path name="main-mic" />
        <ctl name="DEC1 Volume" value="84" />
        <ctl name="ADC1 Volume" value="5" />
    </path>

    <path name="video-call-headset-mic">
        <path name="ear-mic" />
        <ctl name="DEC1 Volume" value="84" />
        <ctl name="ADC2 Volume" value="4" />
        <ctl name="IIR1 INP1 MUX" value="DEC1" />
        <ctl name="IIR1 INP1 Volume" value="60" />
    </path>

    <path name="video-call-NS-mic-handset">
        <path name="main-sub-mic" />
        <ctl name="DEC1 Volume" value="84" />
        <ctl name="ADC1 Volume" value="5" />
        <ctl name="DEC2 Volume" value="84" />
        <ctl name="ADC3 Volume" value="5" />
    </path>

    <path name="video-call-NS-mic-speaker">
        <path name="main-sub-mic" />
        <ctl name="DEC1 Volume" value="84" />
        <ctl name="ADC1 Volume" value="4" />
        <ctl name="DEC2 Volume" value="84" />
        <ctl name="ADC3 Volume" value="4" />

    </path>
    <!-- end of Video call Scenario  -->

    <!-- ================================================================ -->
    <!-- VoLTE Voice call Scenario -->
    <!-- RX part -->
    <path name="VoLTE-voice-handset">
        <path name="rcv" />
        <ctl name="RX1 Digital Volume" value="84" />
    </path>

    <path name="VoLTE-voice-handset-extra-vol">
        <path name="rcv" />
        <ctl name="RX1 Digital Volume" value="84" />
    </path>

    <path name="VoLTE-voice-handset-hac">
        <path name="rcv" />
        <ctl name="RX1 Digital Volume" value="84" />
    </path>

    <path name="VoLTE-voice-speaker">
        <path name="spk" />
        <ctl name="RX3 Digital Volume" value="84" />
    </path>

    <path name="VoLTE-voice-speaker-extra-vol">
        <path name="spk" />
        <ctl name="RX3 Digital Volume" value="84" />
    </path>

    <path name="VoLTE-voice-headset">
        <path name="ear" />
        <ctl name="RX1 Digital Volume" value="82" />
        <ctl name="RX2 Digital Volume" value="82" />
        <ctl name="EAR PA Gain" value="POS_1P5_DB" />
    </path>

    <path name="VoLTE-voice-dock">
    </path>

    <!-- TX part -->
    <path name="VoLTE-voice-main-mic">
        <path name="main-sub-mic" />
        <ctl name="DEC1 Volume" value="84" />
        <ctl name="ADC1 Volume" value="5" />
        <ctl name="DEC2 Volume" value="84" />
        <ctl name="ADC3 Volume" value="5" />
    </path>

    <path name="VoLTE-voice-sub-mic">
        <path name="main-sub-mic" />
        <ctl name="DEC1 Volume" value="84" />
        <ctl name="ADC1 Volume" value="4" />
        <ctl name="DEC2 Volume" value="84" />
        <ctl name="ADC3 Volume" value="4" />
    </path>

    <path name="VoLTE-voice-headphone-mic">
        <path name="main-mic" />
        <ctl name="DEC1 Volume" value="84" />
        <ctl name="ADC1 Volume" value="5" />
    </path>

    <path name="VoLTE-voice-headset-mic">
        <path name="ear-mic" />
        <ctl name="DEC1 Volume" value="84" />
        <ctl name="ADC2 Volume" value="4" />
    </path>

    <path name="VoLTE-voice-NS-mic-handset">
        <path name="main-sub-mic" />
        <ctl name="DEC1 Volume" value="84" />
        <ctl name="ADC1 Volume" value="5" />
        <ctl name="DEC2 Volume" value="84" />
        <ctl name="ADC3 Volume" value="5" />
    </path>

    <path name="VoLTE-voice-NS-mic-speaker">
        <path name="main-sub-mic" />
        <ctl name="DEC1 Volume" value="84" />
        <ctl name="ADC1 Volume" value="4" />
        <ctl name="DEC2 Volume" value="84" />
        <ctl name="ADC3 Volume" value="4" />

    </path>
    <!-- end of VoLTE Voice call Scenario  -->

    <!-- ================================================================ -->
    <!-- VoLTE Video call Scenario -->
    <!-- RX part -->
    <path name="VoLTE-video-handset">
        <path name="rcv" />
        <ctl name="RX1 Digital Volume" value="84" />
    </path>

    <path name="VoLTE-video-handset-extra-vol">
        <path name="rcv" />
        <ctl name="RX1 Digital Volume" value="84" />
    </path>

    <path name="VoLTE-video-speaker">
        <path name="spk" />
        <ctl name="RX3 Digital Volume" value="84" />
    </path>

    <path name="VoLTE-video-speaker-extra-vol">
        <path name="spk" />
        <ctl name="RX3 Digital Volume" value="84" />
    </path>

    <path name="VoLTE-video-headset">
        <path name="ear" />
        <ctl name="RX1 Digital Volume" value="82" />
        <ctl name="RX2 Digital Volume" value="82" />
        <ctl name="EAR PA Gain" value="POS_1P5_DB" />
    </path>

    <path name="VoLTE-video-dock">
    </path>

    <!-- TX part -->
    <path name="VoLTE-video-main-mic">
        <path name="main-sub-mic" />
        <ctl name="DEC1 Volume" value="84" />
        <ctl name="ADC1 Volume" value="4" />
        <ctl name="DEC2 Volume" value="84" />
        <ctl name="ADC3 Volume" value="4" />
    </path>

    <path name="VoLTE-video-sub-mic">
        <path name="main-sub-mic" />
        <ctl name="DEC1 Volume" value="84" />
        <ctl name="ADC1 Volume" value="4" />
        <ctl name="DEC2 Volume" value="84" />
        <ctl name="ADC3 Volume" value="4" />

    </path>

    <path name="VoLTE-video-headphone-mic">
        <path name="ear-mic" />
        <ctl name="DEC1 Volume" value="84" />
        <ctl name="ADC2 Volume" value="4" />
    </path>

    <path name="VoLTE-video-headset-mic">
        <path name="ear-mic" />
        <ctl name="DEC1 Volume" value="84" />
        <ctl name="ADC2 Volume" value="4" />
    </path>

    <path name="VoLTE-video-NS-mic-handset">
        <path name="main-sub-mic" />
        <ctl name="DEC1 Volume" value="84" />
        <ctl name="ADC1 Volume" value="4" />
        <ctl name="DEC2 Volume" value="84" />
        <ctl name="ADC3 Volume" value="4" />
    </path>

    <path name="VoLTE-video-NS-mic-speaker">
        <path name="main-sub-mic" />
        <ctl name="DEC1 Volume" value="84" />
        <ctl name="ADC1 Volume" value="4" />
        <ctl name="DEC2 Volume" value="84" />
        <ctl name="ADC3 Volume" value="4" />

    </path>
    <!-- end of VoLTE Video call Scenario  -->

    <!-- ================================================================ -->
    <!-- TTY Scenario  -->
    <!-- RX part -->
    <path name="TTY-handset">
        <path name="rcv" />
        <ctl name="RX1 Digital Volume" value="84" />
    </path>

    <path name="TTY-handset-extra-vol">
        <path name="rcv" />
        <ctl name="RX1 Digital Volume" value="84" />
    </path>

    <path name="TTY-headset">
        <path name="ear" />
        <ctl name="RX1 Digital Volume" value="86" />
        <ctl name="RX2 Digital Volume" value="86" />
        <ctl name="EAR PA Gain" value="POS_1P5_DB" />
    </path>

    <path name="TTY-full">
        <path name="ear" />
        <ctl name="RX1 Digital Volume" value="86" />
        <ctl name="RX2 Digital Volume" value="86" />
        <ctl name="EAR PA Gain" value="POS_1P5_DB" />
    </path>

    <!-- TX part -->
    <path name="TTY-vco-mic">
        <path name="main-mic" />
        <ctl name="DEC1 Volume" value="84" />
        <ctl name="ADC1 Volume" value="4" />
    </path>

    <path name="TTY-headset-mic">
        <path name="ear-mic" />
        <ctl name="DEC1 Volume" value="84" />
        <ctl name="ADC2 Volume" value="4" />
    </path>

    <path name="TTY-full-mic">
        <path name="ear-mic" />
        <ctl name="DEC1 Volume" value="84" />
        <ctl name="ADC2 Volume" value="4" />
    </path>
    <!-- end of TTY Scenario -->

    <!-- ================================================================ -->
    <!-- VoIP Scenario -->
    <!-- RX part -->
    <path name="voip-handset-comm">
        <path name="rcv" />
        <ctl name="RX1 Digital Volume" value="78" />
    </path>

    <path name="voip-speaker-comm">
        <path name="spk" />
        <ctl name="RX3 Digital Volume" value="80" />
    </path>

    <path name="voip-headset-comm">
        <path name="ear" />
        <ctl name="RX1 Digital Volume" value="83" />
        <ctl name="RX2 Digital Volume" value="83" />
        <ctl name="EAR PA Gain" value="POS_1P5_DB" />
    </path>

    <path name="voip-handset-others">
        <path name="rcv" />
        <ctl name="RX1 Digital Volume" value="81" />
    </path>

    <path name="voip-speaker-others">
        <path name="spk" />
        <ctl name="RX3 Digital Volume" value="80" />
    </path>

    <path name="voip-headset-others">
        <path name="ear" />
        <ctl name="RX1 Digital Volume" value="86" />
        <ctl name="RX2 Digital Volume" value="86" />
        <ctl name="EAR PA Gain" value="POS_1P5_DB" />
    </path>

    <path name="voip-handset-chaton">
        <path name="rcv" />
        <ctl name="RX1 Digital Volume" value="81" />
    </path>

    <path name="voip-speaker-chaton">
        <path name="spk" />
        <ctl name="RX3 Digital Volume" value="80" />
    </path>

    <path name="voip-headset-chaton">
        <path name="ear" />
        <ctl name="RX1 Digital Volume" value="86" />
        <ctl name="RX2 Digital Volume" value="86" />
        <ctl name="EAR PA Gain" value="POS_1P5_DB" />
    </path>

    <path name="voip-handset-callforwarding">
        <path name="rcv" />
        <ctl name="RX1 Digital Volume" value="81" />
    </path>

    <path name="voip-speaker-callforwarding">
        <path name="spk" />
        <ctl name="RX3 Digital Volume" value="80" />
    </path>

    <path name="voip-headset-callforwarding">
        <path name="ear" />
        <ctl name="RX1 Digital Volume" value="86" />
        <ctl name="RX2 Digital Volume" value="86" />
        <ctl name="EAR PA Gain" value="POS_1P5_DB" />
    </path>

    <path name="voip-handset-webex">
        <path name="rcv" />
        <ctl name="RX1 Digital Volume" value="81" />
    </path>

    <path name="voip-speaker-webex">
        <path name="spk" />
        <ctl name="RX3 Digital Volume" value="80" />
    </path>

    <path name="voip-headset-webex">
        <path name="ear" />
        <ctl name="RX1 Digital Volume" value="86" />
        <ctl name="RX2 Digital Volume" value="86" />
        <ctl name="EAR PA Gain" value="POS_1P5_DB" />
    </path>

    <path name="voip-handset-carrier">
        <path name="rcv" />
        <ctl name="RX1 Digital Volume" value="81" />
    </path>

    <path name="voip-speaker-carrier">
        <path name="spk" />
        <ctl name="RX3 Digital Volume" value="80" />
    </path>

    <path name="voip-headset-carrier">
        <path name="ear" />
        <ctl name="RX1 Digital Volume" value="86" />
        <ctl name="RX2 Digital Volume" value="86" />
        <ctl name="EAR PA Gain" value="POS_1P5_DB" />
    </path>

    <path name="voip-handset-nonpcm">
        <path name="rcv" />
        <ctl name="RX1 Digital Volume" value="81" />
    </path>

    <path name="voip-speaker-nonpcm">
        <path name="spk" />
        <ctl name="RX3 Digital Volume" value="80" />
    </path>

    <path name="voip-headset-nonpcm">
        <path name="ear" />
        <ctl name="RX1 Digital Volume" value="86" />
        <ctl name="RX2 Digital Volume" value="86" />
        <ctl name="EAR PA Gain" value="POS_1P5_DB" />
    </path>

    <!-- TX part -->
    <path name="voip-main-mic-comm">
        <path name="main-mic" />
        <ctl name="DEC1 Volume" value="84" />
        <ctl name="ADC1 Volume" value="4" />
    </path>

    <path name="voip-sub-mic-comm">
        <path name="main-mic" />
        <ctl name="DEC1 Volume" value="84" />
        <ctl name="ADC1 Volume" value="4" />

    </path>

    <path name="voip-headphone-mic-comm">
        <path name="main-mic" />
        <ctl name="DEC1 Volume" value="84" />
        <ctl name="ADC1 Volume" value="4" />
    </path>

    <path name="voip-headset-mic-comm">
        <path name="ear-mic" />
        <ctl name="DEC1 Volume" value="84" />
        <ctl name="ADC2 Volume" value="4" />
    </path>

    <path name="voip-main-mic-others">
        <path name="main-mic" />
        <ctl name="DEC1 Volume" value="84" />
        <ctl name="ADC1 Volume" value="4" />
    </path>

    <path name="voip-sub-mic-others">
        <path name="main-mic" />
        <ctl name="DEC1 Volume" value="84" />
        <ctl name="ADC1 Volume" value="4" />

    </path>

    <path name="voip-headphone-mic-others">
        <path name="main-mic" />
        <ctl name="DEC1 Volume" value="84" />
        <ctl name="ADC1 Volume" value="4" />
    </path>

    <path name="voip-headset-mic-others">
        <path name="ear-mic" />
        <ctl name="DEC1 Volume" value="84" />
        <ctl name="ADC2 Volume" value="4" />
    </path>

    <path name="voip-main-mic-chaton">
        <path name="main-mic" />
        <ctl name="DEC1 Volume" value="84" />
        <ctl name="ADC1 Volume" value="4" />
    </path>

    <path name="voip-sub-mic-chaton">
        <path name="main-mic" />
        <ctl name="DEC1 Volume" value="84" />
        <ctl name="ADC1 Volume" value="4" />

    </path>

    <path name="voip-headphone-mic-chaton">
        <path name="ear-mic" />
        <ctl name="DEC1 Volume" value="84" />
        <ctl name="ADC2 Volume" value="4" />
    </path>

    <path name="voip-headset-mic-chaton">
        <path name="ear-mic" />
        <ctl name="DEC1 Volume" value="84" />
        <ctl name="ADC2 Volume" value="4" />
    </path>

    <path name="voip-main-mic-callforwarding">
        <path name="main-mic" />
        <ctl name="DEC1 Volume" value="84" />
        <ctl name="ADC1 Volume" value="4" />
    </path>

    <path name="voip-sub-mic-callforwarding">
        <path name="main-mic" />
        <ctl name="DEC1 Volume" value="84" />
        <ctl name="ADC1 Volume" value="4" />

    </path>

    <path name="voip-headphone-mic-callforwarding">
        <path name="ear-mic" />
        <ctl name="DEC1 Volume" value="84" />
        <ctl name="ADC2 Volume" value="4" />
    </path>

    <path name="voip-headset-mic-callforwarding">
        <path name="ear-mic" />
        <ctl name="DEC1 Volume" value="84" />
        <ctl name="ADC2 Volume" value="4" />
    </path>

    <path name="voip-main-mic-webex">
        <path name="main-mic" />
        <ctl name="DEC1 Volume" value="84" />
        <ctl name="ADC1 Volume" value="4" />
    </path>

    <path name="voip-sub-mic-webex">
        <path name="main-mic" />
        <ctl name="DEC1 Volume" value="84" />
        <ctl name="ADC1 Volume" value="4" />

    </path>

    <path name="voip-headphone-mic-webex">
        <path name="ear-mic" />
        <ctl name="DEC1 Volume" value="84" />
        <ctl name="ADC2 Volume" value="4" />
    </path>

    <path name="voip-headset-mic-webex">
        <path name="ear-mic" />
        <ctl name="DEC1 Volume" value="84" />
        <ctl name="ADC2 Volume" value="4" />
    </path>

    <path name="voip-main-mic-carrier">
        <path name="main-mic" />
        <ctl name="DEC1 Volume" value="84" />
        <ctl name="ADC1 Volume" value="4" />
    </path>

    <path name="voip-sub-mic-carrier">
        <path name="main-mic" />
        <ctl name="DEC1 Volume" value="84" />
        <ctl name="ADC1 Volume" value="4" />

    </path>

    <path name="voip-headphone-mic-carrier">
        <path name="main-mic" />
        <ctl name="DEC1 Volume" value="84" />
        <ctl name="ADC1 Volume" value="4" />
    </path>

    <path name="voip-headset-mic-carrier">
        <path name="ear-mic" />
        <ctl name="DEC1 Volume" value="84" />
        <ctl name="ADC2 Volume" value="4" />
    </path>

    <path name="voip-main-mic-nonpcm">
        <path name="main-mic" />
        <ctl name="DEC1 Volume" value="84" />
        <ctl name="ADC1 Volume" value="4" />
    </path>

    <path name="voip-sub-mic-nonpcm">
        <path name="main-mic" />
        <ctl name="DEC1 Volume" value="84" />
        <ctl name="ADC1 Volume" value="4" />

    </path>

    <path name="voip-headphone-mic-nonpcm">
        <path name="main-mic" />
        <ctl name="DEC1 Volume" value="84" />
        <ctl name="ADC1 Volume" value="4" />
    </path>

    <path name="voip-headset-mic-nonpcm">
        <path name="ear-mic" />
        <ctl name="DEC1 Volume" value="84" />
        <ctl name="ADC2 Volume" value="4" />
    </path>
    <!-- end of VoIP Scenario -->

    <!-- ================================================================ -->
    <!-- Factory Scenario -->
    <!-- RX part -->
    <path name="loopback-handset-DSP">
        <path name="rcv" />
        <ctl name="RX1 Digital Volume" value="85" />
    </path>

    <path name="loopback-handset-2mic-on-DSP">
        <path name="rcv" />
        <ctl name="RX1 Digital Volume" value="81" />
    </path>

    <path name="loopback-speaker-DSP">
        <path name="spk" />
        <ctl name="RX3 Digital Volume" value="84" />
    </path>

    <path name="loopback-headset-DSP">
        <path name="ear" />
        <ctl name="RX1 Digital Volume" value="78" />
        <ctl name="RX2 Digital Volume" value="78" />
        <ctl name="EAR PA Gain" value="POS_1P5_DB" />
    </path>

    <path name="loopback-handset">
        <path name="rcv" />
        <ctl name="RX1 Digital Volume" value="81" />
    </path>

    <path name="loopback-handset-2mic-on">
        <path name="rcv" />
        <ctl name="RX1 Digital Volume" value="81" />
    </path>

    <path name="loopback-speaker">
        <path name="spk" />
        <ctl name="RX3 Digital Volume" value="84" />
    </path>

    <path name="loopback-headset">
        <path name="ear" />
        <ctl name="RX1 Digital Volume" value="75" />
        <ctl name="RX2 Digital Volume" value="75" />
        <ctl name="EAR PA Gain" value="POS_1P5_DB" />
    </path>

    <!-- TX part -->
    <path name="loopback-main-mic-DSP">
        <path name="main-mic" />
        <ctl name="ADC1 Volume" value="4" />
        <ctl name="DEC1 Volume" value="84" />
    </path>

    <path name="loopback-main-mic-2mic-on-DSP">
        <path name="main-sub-mic" />
        <ctl name="DEC1 Volume" value="88" />
        <ctl name="ADC1 Volume" value="4" />
	<ctl name="DEC2 Volume" value="88" />
        <ctl name="ADC3 Volume" value="4" />
    </path>

    <path name="loopback-sub-mic-DSP">
        <path name="sub-mic" />
        <ctl name="DEC1 Volume" value="88" />
        <ctl name="ADC3 Volume" value="4" />
    </path>

    <path name="loopback-3rd-mic-DSP">
        <path name="loopback-main-mic-DSP" />
    </path>

    <path name="loopback-headphone-mic-DSP">
        <path name="main-mic" />
        <ctl name="ADC1 Volume" value="4" />
        <ctl name="DEC1 Volume" value="69" />
    </path>

    <path name="loopback-headphone-sub-mic-DSP">
        <path name="sub-mic" />
        <ctl name="DEC1 Volume" value="88" />
        <ctl name="ADC3 Volume" value="4" />
    </path>

    <path name="loopback-headset-mic-DSP">
        <path name="ear-mic" />
        <ctl name="DEC1 Volume" value="84" />
        <ctl name="ADC2 Volume" value="84" />
    </path>

    <path name="loopback-main-mic">
        <path name="main-mic" />
        <ctl name="ADC1 Volume" value="4" />
        <ctl name="DEC1 Volume" value="69" />
    </path>

    <path name="loopback-main-mic-2mic-on">
        <path name="main-mic" />
        <ctl name="ADC1 Volume" value="4" />
        <ctl name="DEC1 Volume" value="69" />
    </path>

    <path name="loopback-sub-mic">
        <path name="sub-mic" />
        <ctl name="DEC1 Volume" value="68" />
        <ctl name="ADC3 Volume" value="4" />
    </path>

    <path name="loopback-3rd-mic">
        <path name="3rd-mic" />
    </path>

    <path name="loopback-headphone-mic">
        <path name="main-mic" />
        <ctl name="ADC1 Volume" value="4" />
        <ctl name="DEC1 Volume" value="69" />
    </path>

    <path name="loopback-headphone-sub-mic">
        <path name="sub-mic" />
        <ctl name="DEC1 Volume" value="68" />
        <ctl name="ADC3 Volume" value="4" />
    </path>

    <path name="loopback-headset-mic">
        <path name="ear-mic" />
        <ctl name="DEC1 Volume" value="84" />
        <ctl name="ADC2 Volume" value="20" />
    </path>
    <!-- end of Factory Scenario -->

    <!-- Factory Scenario CP2-->
    <!-- RX part -->
    <path name="loopback-cp2-handset-DSP">
        <path name="rcv" />
        <ctl name="RX1 Digital Volume" value="84" />
    </path>

    <path name="loopback-cp2-handset-2mic-on-DSP">
        <path name="rcv" />
        <ctl name="RX1 Digital Volume" value="84" />
    </path>

    <path name="loopback-cp2-speaker-DSP">
        <path name="spk" />
        <ctl name="RX3 Digital Volume" value="84" />
    </path>

    <path name="loopback-cp2-headset-DSP">
        <path name="ear" />
        <ctl name="RX1 Digital Volume" value="78" />
        <ctl name="RX2 Digital Volume" value="78" />
        <ctl name="EAR PA Gain" value="POS_1P5_DB" />
    </path>

    <path name="loopback-cp2-handset">
        <path name="rcv" />
        <ctl name="RX1 Digital Volume" value="84" />
    </path>

    <path name="loopback-cp2-handset-2mic-on">
        <path name="rcv" />
        <ctl name="RX1 Digital Volume" value="84" />
    </path>

    <path name="loopback-cp2-speaker">
        <path name="spk" />
        <ctl name="RX3 Digital Volume" value="84" />
    </path>

    <path name="loopback-cp2-headset">
        <path name="ear" />
        <ctl name="RX1 Digital Volume" value="78" />
        <ctl name="RX2 Digital Volume" value="78" />
        <ctl name="EAR PA Gain" value="POS_1P5_DB" />
    </path>

    <!-- TX part -->
    <path name="loopback-cp2-main-mic-DSP">
        <path name="main-mic" />
        <ctl name="ADC1 Volume" value="4" />
        <ctl name="DEC1 Volume" value="69" />
    </path>

    <path name="loopback-cp2-main-mic-2mic-on-DSP">
        <path name="main-mic" />
        <ctl name="ADC1 Volume" value="4" />
        <ctl name="DEC1 Volume" value="69" />
    </path>

    <path name="loopback-cp2-sub-mic-DSP">
        <path name="sub-mic" />
        <ctl name="DEC1 Volume" value="68" />
        <ctl name="ADC3 Volume" value="4" />
    </path>

    <path name="loopback-cp2-3rd-mic-DSP">
        <path name="loopback-main-mic-DSP" />
    </path>

    <path name="loopback-cp2-headphone-mic-DSP">
        <path name="main-mic" />
        <ctl name="ADC1 Volume" value="4" />
        <ctl name="DEC1 Volume" value="69" />
    </path>

    <path name="loopback-cp2-headset-mic-DSP">
        <path name="ear-mic" />
        <ctl name="DEC1 Volume" value="84" />
        <ctl name="ADC2 Volume" value="20" />
    </path>

    <path name="loopback-cp2-main-mic">
        <path name="main-mic" />
        <ctl name="ADC1 Volume" value="4" />
        <ctl name="DEC1 Volume" value="69" />
    </path>

    <path name="loopback-cp2-main-mic-2mic-on">
        <path name="main-mic" />
        <ctl name="ADC1 Volume" value="4" />
        <ctl name="DEC1 Volume" value="69" />
    </path>

    <path name="loopback-cp2-sub-mic">
        <path name="sub-mic" />
        <ctl name="DEC1 Volume" value="68" />
        <ctl name="ADC3 Volume" value="4" />
    </path>

    <path name="loopback-cp2-3rd-mic">
        <path name="3rd-mic" />
    </path>

    <path name="loopback-cp2-headphone-mic">
        <path name="main-mic" />
        <ctl name="ADC1 Volume" value="4" />
        <ctl name="DEC1 Volume" value="69" />
    </path>

    <path name="loopback-cp2-headset-mic">
        <path name="ear-mic" />
        <ctl name="DEC1 Volume" value="84" />
        <ctl name="ADC2 Volume" value="20" />
    </path>
    <!-- end of Factory Scenario cp2-->	

    <path name="dummy">
    </path>

</mixer>
